id,name,age,city
1,Lowrance,1,Guadalupe
2,Lulu,2,Göteborg
3,Gar,3,Zhuangbian
4,Peg,4,San Antonio
5,Shelbi,5,San Jose
6,Bev,6,Xiajiashan
7,Ange,7,Cruzília
8,Otis,8,General Alvear
9,Aeriell,9,Sviblovo
10,Hettie,10,Viana
11,Sharline,11,Comallo
12,Donia,12,Dublje
13,Orlan,13,Melaka
14,Flori,14,Tsagaan-Owoo
15,Curcio,15,Huimin
16,Lambert,16,Alto do Estanqueiro
17,Shea,17,Xinhang
18,Broddie,18,Bubullimë
19,Ardella,19,Ledeunu
20,Gwynne,20,Cigarogol
21,Carlin,21,Oltintopkan
22,Cherlyn,22,Sohag
23,Amandie,23,Angol
24,Claus,24,Nove-Misto
25,Ernst,25,Stockholm
26,Daisey,26,Ciroyom
27,Bondie,27,Brniště
28,Rudd,28,Fujia
29,Frazier,29,Wolmaransstad
30,Frans,30,Tiedonglu
31,Winn,31,Niebylec
32,Celesta,32,Vila Boa do Bispo
33,Ricca,33,Oslo
34,Zenia,34,Maninihon
35,Ellswerth,35,Lakshmīpur
36,Cindi,36,Mislak
37,Hortense,37,Kuressaare
38,Mona,38,Kirzhach
39,Rhiamon,39,Ningshan Chengguanzhen
40,Reece,40,Mijiang
41,Hughie,41,Wonopringgo
42,Pauly,42,Virolahti
43,Vinnie,43,Sanjiazi
44,Margarete,44,Trollhättan
45,Deane,45,Węgliniec
46,Mack,46,Batutulis
47,Hatti,47,Triolet
48,Benedicta,48,Lefkoniko
49,Ema,49,Göteborg
50,Mufinella,50,Kista
51,Kennith,51,Ugba
52,Jessalin,52,Huaguoshan
53,Byran,53,Ukrainka
54,Ainslie,54,Banjing
55,Dasya,55,Tucson
56,Kelci,56,Kericho
57,Courtenay,57,Trpinja
58,Anstice,58,Varge Mondar
59,Hugh,59,Yongjiahe
60,Sibelle,60,Qiashui
61,Moise,61,Pargas
62,Nicolai,62,Huanggang
63,Ailina,63,Cikiruh
64,Jayne,64,Chafé
65,Eleni,65,Campamento
66,Robbie,66,Pont-Audemer
67,Dal,67,New York City
68,Elisabeth,68,Addis Ababa
69,Essie,69,Gaza
70,Dickie,70,Uttar Char Fasson
71,Cheston,71,Barbosa
72,Willy,72,Lunen
73,Jayme,73,Prámanta
74,Dottie,74,Na Tan
75,Dan,75,Tatsuno
76,Worthy,76,Agdangan
77,Marianne,77,Magangué
78,Betteann,78,Kembé
79,Lemar,79,Asbest
80,Welby,80,Penang
81,Ervin,81,Idvor
82,Patsy,82,Nchelenge
83,Lanny,83,Riba de Ave
84,Florence,84,Santa Lucia
85,Raymund,85,Ogōri-shimogō
86,Hermon,86,Nay Pyi Taw
87,Tine,87,Emiliano Zapata
88,Carri,88,Vathýlakkos
89,Tiebold,89,Fujikawaguchiko
90,Stavros,90,Deder
91,Donnell,91,Boudinar
92,Gannon,92,Evansville
93,Joseito,93,Outeiro
94,Agnese,94,Fatuhilik
95,Darrelle,95,Tierp
96,Daryn,96,Páno Polemídia
97,Merv,97,Guluoshan
98,Alene,98,Opatowiec
99,Gawain,99,Andorinha
100,Tremain,100,Barbosa
101,Drucy,101,Logan Lake
102,Jannelle,102,Itararé
103,Lonee,103,Najiaying
104,Shawna,104,Saint-Avertin
105,Lanie,105,Siquanpu
106,Daron,106,Ekerö
107,Virgil,107,Debrecen
108,Desiri,108,Huaqiao
109,Kristoffer,109,Bohorodchany
110,Giralda,110,Sajan
111,Dorri,111,Kankan
112,Dani,112,Przelewice
113,Rafaelita,113,Amboise
114,Coletta,114,Upata
115,Elise,115,Balaka
116,Jason,116,Fort Lauderdale
117,Desmund,117,General Roca
118,Morlee,118,Taytayan
119,Corabelle,119,Pridonskoy
120,Sigmund,120,Mranggen
121,Torrie,121,Ukata
122,Ham,122,Qiaogu
123,Darby,123,Toulouse
124,Vin,124,Xiaozhoushan
125,Allissa,125,Safotu
126,Johannah,126,Banaba
127,Barbey,127,Victoria
128,Alethea,128,Al Khirāb
129,Augustine,129,Shanting
130,Raleigh,130,Polkowice
131,Fonsie,131,Olo
132,Virgie,132,Ngujuran
133,Ninette,133,Stockholm
134,Herbert,134,Mouquim
135,Andy,135,Tiaong
136,Garvy,136,Södra Sandby
137,Clarine,137,Sumberjo
138,Cora,138,Martapura
139,Modesty,139,Sviblovo
140,Ravi,140,Xixia
141,Gunner,141,Tosontsengel
142,Anestassia,142,Żernica
143,Kassandra,143,Wichita
144,Kinna,144,Aimin
145,Wittie,145,Schiltigheim
146,Weider,146,Podkumskiy
147,Lesli,147,Cotmon
148,Teena,148,Liloy
149,Wells,149,Ar Riqāb
150,Tanya,150,Aviá Terai
151,Fredia,151,Frederiksberg
152,Fara,152,Pleshanovo
153,Illa,153,Moutsamoudou
154,Aile,154,Zhangxiong
155,Roarke,155,Kunheda Woerzu Manzu
156,Kandace,156,Cilolongokan
157,Brandy,157,Jiulong
158,Alfy,158,Quinta da Queimada
159,Magda,159,Bunga Mas
160,Reeta,160,Lučko
161,Leon,161,Skanör
162,Stinky,162,Huacrachuco
163,Angelico,163,Gaohong
164,Erhart,164,Aūa
165,Miguel,165,Chalon-sur-Saône
166,Kalinda,166,Llusco
167,Laurie,167,Vurğun
168,Jeana,168,Västerås
169,Tybi,169,Laurel
170,Angelle,170,Langpas
171,Allissa,171,Xinzhai
172,Norry,172,Areni
173,Dorrie,173,Saint-Jean-de-Monts
174,Odo,174,Wawa
175,Ulla,175,Las Carreras
176,Lindy,176,Krasne
177,Gerald,177,Madalum
178,Niel,178,Nowa Dęba
179,Corine,179,Miaoli
180,Marthena,180,Majur
181,Betsey,181,Sandefjord
182,Sisile,182,Kharovsk
183,Pip,183,Mweka
184,Mina,184,Shihua
185,Sheppard,185,Haparanda
186,Milli,186,Alíartos
187,Rubin,187,Manalad
188,Hyacintha,188,Don Carlos
189,Herbert,189,Sibut
190,Urban,190,Nāgarpur
191,Fiona,191,Yangqiao
192,Jonell,192,Pulaupinang
193,Celestyn,193,Dongyong
194,Janene,194,Lijia
195,Rudolfo,195,Varna
196,Amy,196,Mayuan
197,Jarad,197,Cipicung
198,Arin,198,Isfara
199,Corine,199,Los Tangos
200,Bibbye,200,New Orleans
201,Oralia,201,Río de Jesús
202,Junette,202,Opaka
203,Conny,203,Milano
204,Egan,204,Vasylkiv
205,Jennica,205,Kungsbacka
206,Filmore,206,Atins
207,Wilek,207,Jiangqiao
208,Laurie,208,Borovoy
209,Ram,209,Prażmów
210,Lorita,210,Bandaran
211,Tamma,211,Landskrona
212,Rosaleen,212,Nioro du Rip
213,Ardys,213,Klayusiwalan
214,Rosemarie,214,Pueblo
215,Lexis,215,Cachón
216,Lottie,216,Shuangzhong
217,Phylys,217,Rikitgaib
218,Sidney,218,Trat
219,Francene,219,Vidin
220,Berky,220,Gaspar Hernández
221,Ciro,221,Dingdian
222,Barny,222,Derbur
223,Yelena,223,Santo Antônio do Içá
224,Carolin,224,Rousínov
225,Tallie,225,Sere
226,Obediah,226,Huage
227,Anthiathia,227,Novyye Gorki
228,Rickert,228,Skrzyszów
229,Clio,229,Timeng
230,Budd,230,Guaduas
231,Raleigh,231,Wawa
232,Aileen,232,Adelaide Mail Centre
233,Terri-jo,233,Hōjō
234,Ragnar,234,Kraslice
235,Anselm,235,Kosonsoy
236,Kristo,236,Sunzhuang
237,Hube,237,Salinópolis
238,Kayla,238,Heka
239,Deloria,239,Shanglu
240,Theresa,240,Samoš
241,Natty,241,Meirinhas
242,Jennine,242,San Carlos de Bariloche
243,Avram,243,Khānpur
244,Calhoun,244,Houjiachuan
245,Jaquenetta,245,Sipeng
246,Cherice,246,Dongning
247,Norina,247,Ichupampa
248,Ronna,248,Longka
249,Nicolina,249,Babat
250,Delaney,250,Siekierczyn
251,Cornall,251,Jabłonka
252,Reginauld,252,Jiqu
253,Jeanine,253,Shimeitang
254,Gamaliel,254,Mulan
255,Harley,255,Halayhay
256,Leah,256,Chaoyang
257,Kelcie,257,Xichang
258,Powell,258,Gif-sur-Yvette
259,Alec,259,Dori
260,Nikos,260,Jinbo
261,Celeste,261,Badīn
262,Carney,262,Saripin
263,Simone,263,Beitou
264,Lynelle,264,Kostopil’
265,Cello,265,Nakkila
266,Mame,266,Shi’an
267,Alvie,267,San José de Mayo
268,Levey,268,Siedlce
269,Sofie,269,Bribir
270,Ainsley,270,Telheira
271,Cate,271,Tumpakkepuh
272,Englebert,272,Ganyesa
273,Sunny,273,Voronezh
274,Terrie,274,Yugawara
275,Dario,275,Starobachaty
276,Kissee,276,Shuiyin
277,Nicki,277,Bambali
278,Raychel,278,Korhogo
279,Katinka,279,Henglin
280,Berk,280,Łobez
281,Brianna,281,Santa Cruz das Palmeiras
282,Emalee,282,Pyhäjoki
283,Reuven,283,Kimméria
284,Wylma,284,Itaberaí
285,Dalton,285,Yatsushiro
286,Brigitta,286,Saint-Paul
287,Salvatore,287,Ronneby
288,Noreen,288,Grevená
289,Herold,289,Rio Branco do Sul
290,Kristo,290,Tomar
291,Alon,291,Huansheng
292,Sawyer,292,Dongping
293,Kyle,293,Caronoan West
294,Milka,294,Kibuku
295,Matt,295,Rzeczenica
296,Carrol,296,Ostrov
297,Huntington,297,Pershotravneve
298,Kingston,298,João Alfredo
299,Javier,299,Bílovice
300,Rocky,300,Shouchun
301,Patsy,301,Monrovia
302,Aeriel,302,Ash Shiḩr
303,Ansley,303,Peroguarda
304,Tristan,304,Bungtiang Barat
305,Abraham,305,Langjun
306,Stephannie,306,Buffalo
307,Madelin,307,Cullhuas
308,Rooney,308,Rongai
309,Silvano,309,Catriel
310,Toma,310,Ādam
311,Pieter,311,Sulang Tengah
312,Clerissa,312,Antsiranana
313,Aldin,313,Xinzhou
314,Colman,314,Błędów
315,Niel,315,Piteå
316,Becky,316,A’yi Take
317,Jorie,317,Jedlnia-Letnisko
318,Pammy,318,Mae Sai
319,Ofilia,319,São José de Ribamar
320,Pyotr,320,Mazyr
321,Stefanie,321,Lokorae
322,Lanie,322,Póvoa
323,Karoly,323,Rusnė
324,Amitie,324,Pondaguitan
325,Alfreda,325,Mananjary
326,Clarisse,326,Kantharalak
327,Lindy,327,Miętne
328,Lynsey,328,Duba-Yurt
329,Jamil,329,Suocheng
330,Eli,330,Taunggyi
331,Bride,331,Dake
332,Marieann,332,Banjar Taro Kelod
333,Bertine,333,Dongjian
334,Tarrah,334,Trudovoye
335,Jesselyn,335,Voronezh
336,Sibbie,336,Hongshunli
337,Norrie,337,Gaimán
338,Ladonna,338,Damatou
339,Mohandis,339,Beopwon
340,Chase,340,Columbus
341,Willard,341,Barengkok Hilir
342,Gratiana,342,Camino Real
343,Holly,343,Melgar
344,Itch,344,Bajo Naranjillo
345,Cassey,345,Sigli
346,Kelcie,346,Pulau Pinang
347,Far,347,Gnosjö
348,Benetta,348,Siemkowice
349,Aretha,349,Horodok
350,Gannon,350,Doudleby nad Orlicí
351,Joan,351,Kamina
352,Keven,352,Sochi
353,Miltie,353,Garupá
354,Bank,354,Tobi Village
355,Cosetta,355,Lengkongbarang
356,Dallon,356,Fresno
357,Larine,357,Semenivka
358,Sigrid,358,Duoxiang
359,Aindrea,359,Tyoply Stan
360,Dannel,360,Jaguarão
361,Adeline,361,Doong
362,Sadie,362,Zaindainxoi
363,Clarinda,363,Muro
364,Basilius,364,Villiers
365,Ado,365,Sarakhs
366,Benjy,366,Dorowa Mining Lease
367,Locke,367,Olofström
368,Stepha,368,Pulo
369,Drona,369,Kuma
370,Roosevelt,370,Krajan Tekung
371,Dare,371,Costeira do Pirajubae
372,Ruby,372,Karbunara e Vogël
373,Prince,373,Pulau Pinang
374,Derry,374,Tinogasta
375,Katlin,375,General Conesa
376,Pall,376,San Luis Ixcán
377,Lilli,377,Ciharalang
378,Rorie,378,Mendes
379,Edin,379,Mabay
380,Joelly,380,Đống Đa
381,Grover,381,Nunguan
382,Page,382,Caçapava
383,Clementius,383,Aguitu
384,Weber,384,Castanhal
385,Fae,385,Brumadinho
386,Dyna,386,Fontenay-sous-Bois
387,Richmond,387,Taifu
388,Jillene,388,Dunmanway
389,Lea,389,Bonik
390,Rouvin,390,Jaraguá do Sul
391,Joycelin,391,Gowurdak
392,Theresita,392,Budzów
393,Mollee,393,Maungatapere
394,Rana,394,Rio Covo ( Santa Eulália )
395,Waylan,395,Sasovo
396,Georgianna,396,Kołczygłowy
397,Bud,397,Sumberan
398,Sasha,398,San Antonio
399,Kass,399,Podol’sk
400,Michell,400,Oltinko’l
401,Laetitia,401,Gaoqiaolou
402,Harland,402,Fāqūs
403,Renae,403,Lidköping
404,Alair,404,Michurinskoye
405,Danie,405,Frederiksberg
406,Kelsi,406,Huasahuasi
407,Dael,407,Huacao
408,Sashenka,408,Anyang-si
409,Germaine,409,Dunhua
410,Audre,410,Buena Esperanza
411,Kelley,411,Sakété
412,Mitchell,412,Vista Hermosa
413,Vale,413,São Miguel da Carreira
414,Alvinia,414,Eastern Suburbs Mc
415,Erhard,415,Aygavan
416,Larina,416,Maceió
417,Gerry,417,Swiętajno
418,Amery,418,Zakamensk
419,Gilberte,419,Passos
420,Sharl,420,Lapuz
421,Jill,421,Cojata
422,Farleigh,422,Ebene
423,Pansy,423,Bertoua
424,Thedrick,424,Głogów Małopolski
425,Kenna,425,Linchen
426,Hale,426,Baborów
427,Cele,427,Bazi
428,Conant,428,Stanley
429,Caritta,429,Roslavl’
430,Gwendolyn,430,Kabalen
431,Tadd,431,Huidong
432,Rivy,432,Vazante
433,Amby,433,Sawangan
434,Darrell,434,Cañazas
435,Aurilia,435,Gaoqiao
436,Amy,436,Binabaan
437,Augie,437,Irosin
438,Lira,438,Toyooka
439,Kev,439,Doumé
440,Liana,440,Agbani
441,Alard,441,Shreveport
442,Raffarty,442,Haguenau
443,Lainey,443,Sendung
444,Chancey,444,Conqueiros
445,Karlotta,445,Temaiku Village
446,Coralie,446,Rasony
447,Thaddeus,447,Niort
448,Fields,448,Pakxé
449,Demetri,449,Cicuco
450,Natalya,450,Royan
451,Minetta,451,Namp’o
452,Melessa,452,Mander
453,Trudey,453,Yufa
454,Sig,454,Pinheiro
455,Junia,455,Shambu
456,Krista,456,Catriló
457,Benedetta,457,Palumbungan
458,Heloise,458,Loutrós
459,Felike,459,Zinder
460,Nadiya,460,Arcangel
461,Corrie,461,Keyinhe
462,Roana,462,Kaiama
463,Ermengarde,463,Camp Ithier
464,Hilda,464,Tashanta
465,Lucia,465,Stockholm
466,Quinton,466,Paris 01
467,Eartha,467,Lyudinovo
468,Hamilton,468,Suay
469,Dotti,469,Ust’-Katav
470,Leon,470,Futian
471,Celia,471,Baoxu
472,Brynne,472,Tikhvin
473,Kacey,473,Sargodha
474,Hernando,474,Jaru
475,Dom,475,Dobratice
476,Krysta,476,Foz do Iguaçu
477,Eugine,477,Shirone
478,Masha,478,Ullulluco
479,Amalea,479,Zhongbu
480,Kylen,480,Xiaojin
481,Tammy,481,Tumu
482,Aila,482,Malianzhuang
483,Juditha,483,Sapotskin
484,Colman,484,Pancas
485,Em,485,Llanera
486,Aeriel,486,Taiyanghe
487,Joceline,487,Coasa
488,Frederich,488,Troparëvo
489,Elnar,489,Pärnu
490,Osbourn,490,Dayr as Sūdān
491,Friederike,491,Chenyang
492,Laurens,492,Ketanggi
493,Eyde,493,Plan de Ayala
494,Marys,494,Amiens
495,Nappie,495,Thị Trấn Phước Bửu
496,Rodie,496,Hartswater
497,Jenn,497,Rimouski
498,Wyatt,498,Galván
499,Koralle,499,Cruzeiro do Sul
500,Austin,500,Sali
501,Jany,501,Sarapul
502,Judi,502,Golacir
503,Edouard,503,Qarshi
504,Shellysheldon,504,Laval
505,Garrik,505,Kafr ash Shaykh
506,Frasquito,506,Krivaja
507,Haily,507,Dangbigih
508,Irwinn,508,Belgorod
509,Bradney,509,Baoshui
510,Dav,510,Чучер - Сандево
511,Linea,511,Cordova
512,Reube,512,Djounie
513,Zorina,513,Angochi
514,Orel,514,Changxing
515,Lanie,515,Soanierana Ivongo
516,Charline,516,Wucheng
517,Birk,517,Keruguya
518,Rose,518,Piława Górna
519,Stearne,519,Geser
520,Fedora,520,Campos do Jordão
521,Brooke,521,Barice
522,Lemuel,522,Rashaant
523,Lennard,523,Simrishamn
524,Edy,524,San Guillermo
525,Eward,525,Kota Kinabalu
526,Jeff,526,El Ocotón
527,Winfred,527,Palatine
528,Lurette,528,Insrom
529,Michelle,529,Tim
530,Alejandra,530,Soio
531,Filmer,531,São Pedro de Muel
532,Denni,532,Salaš Crnobarski
533,Clarine,533,Jiwuwu
534,Mallory,534,Pagak
535,Cordula,535,Pomahan
536,Arabella,536,Krujë
537,Dino,537,Fenkeng
538,Roberta,538,Baizhu
539,Germayne,539,Ngaoundéré
540,Beau,540,Lhokkruet
541,Camila,541,Marull
542,Becca,542,Gaptsakh
543,Nikolaos,543,Marondera
544,Aldin,544,Haolibao
545,Cornell,545,Ingeniero Guillermo N. Juárez
546,Alexandros,546,Zhuangtou
547,Kristel,547,Yacheng
548,Herman,548,Emiliano Zapata
549,Marchelle,549,Menzel Jemil
550,Malinda,550,Hrazdan
551,Kerry,551,Lac-Brome
552,Temple,552,Horad Smalyavichy
553,Haydon,553,Bragança
554,Nicolina,554,Wamba
555,Viviyan,555,Sanqu
556,Iseabal,556,Anfeng
557,Jackqueline,557,Juntas
558,Sheff,558,Guyangan
559,Adan,559,Sung Noen
560,Dyanne,560,Əhmədbəyli
561,Minni,561,Ostrzeszów
562,Joelie,562,Rukem
563,Robbert,563,Vypolzovo
564,Silvester,564,Longtang
565,Clarabelle,565,Sanlifan
566,Kippy,566,Irkutsk
567,Stephen,567,Bošovice
568,Willa,568,Degan
569,Lolly,569,Jurovski Dol
570,Pandora,570,Wanling
571,Derron,571,Zaria
572,Dannel,572,Wichit
573,Charisse,573,Mollepampa
574,Leroi,574,Wanmingang
575,Issi,575,Balogo
576,Mona,576,Isfahan
577,Greg,577,Mercedes
578,Sheppard,578,Beigucheng
579,Reine,579,Kašperské Hory
580,Glenine,580,Ghāt
581,Jake,581,Muke
582,Sutherland,582,Al Mawşil al Jadīdah
583,Orelia,583,Lusambo
584,Phyllida,584,Roma
585,Berni,585,Marfino
586,Terrijo,586,Siay
587,Darcie,587,Dzüünharaa
588,Terence,588,Kalahang
589,Amos,589,Acherítou
590,Batholomew,590,Longwood
591,Nelle,591,Jiuchenggong
592,Brose,592,Araçoiaba da Serra
593,Lilllie,593,San Antonio
594,Thor,594,Choya
595,Lorenza,595,Grangwav
596,Vallie,596,Moganshan
597,Hallsy,597,San Diego
598,Halsy,598,Kajiado
599,Tiffani,599,Puerto López
600,Andros,600,Bykivka
601,Godfry,601,Prilep
602,Judye,602,Uvarovo
603,Othello,603,Haninge
604,Freddy,604,Kuala Terengganu
605,Wood,605,Boksitogorsk
606,Annis,606,Praimarada
607,Lewiss,607,Dostoyevka
608,Silas,608,Matiompong
609,Laure,609,Votkinsk
610,Lori,610,Flen
611,Olivette,611,Valašská Bystřice
612,Bart,612,Trondheim
613,Barney,613,Kolokani
614,Dianna,614,Náklo
615,Townie,615,Czarna
616,Estrella,616,Khallat Şāliḩ
617,Janaya,617,Älvsbyn
618,Walliw,618,Arai
619,Cherrita,619,Caldas da Rainha
620,Ann,620,Lututów
621,Jarret,621,Nida
622,Hillie,622,Las Tunas
623,Deirdre,623,Panamá
624,Josefina,624,Gowurdak
625,Aldridge,625,Horizonte
626,Aloysia,626,Santa Marta
627,Vin,627,Waekolong
628,Jeana,628,Tongchuan
629,Gretal,629,Beloha
630,Lynna,630,Noyelles-sous-Lens
631,Fredia,631,Longxi
632,Gilligan,632,Oruro
633,Clarisse,633,Odintsovo
634,Lucila,634,Uk
635,Israel,635,Tegaldowo
636,Lucky,636,Sarnaki
637,Robbie,637,Bulawayo
638,Romain,638,Torres
639,Godiva,639,Mogilany
640,Wilma,640,Kongwan
641,Lissie,641,Borne Sulinowo
642,Jory,642,Valcheta
643,Lorrayne,643,Toba Tek Singh
644,Brewster,644,Krasnotur’insk
645,Fanya,645,Zhongyuan
646,Earlie,646,Jarocin
647,Genevra,647,Luthu
648,Lee,648,Afanas’yeva
649,Pernell,649,Zhengji
650,Bel,650,Zhaxirabdain
651,Ogdan,651,Xingtan
652,Fiona,652,Arbuzynka
653,Gasparo,653,Shawnee Mission
654,Hilliard,654,Cacheu
655,Cindee,655,Dasi
656,Zed,656,San Jose
657,Charmion,657,Qarah Ẕīā’ od Dīn
658,Ingmar,658,Gon’ba
659,Berkie,659,Ceres
660,Starlin,660,Mindyak
661,Arlyn,661,Pulangbato
662,Brock,662,Hod HaSharon
663,Cullin,663,Talas
664,Sergio,664,Rajal Norte
665,Ange,665,Lajas
666,Nat,666,Qelëz
667,Tanitansy,667,Piracaia
668,Trev,668,Kamo
669,Isadora,669,Strašice
670,Myrah,670,Dongjiahe
671,Quincy,671,Banzão
672,Emili,672,Karangpari
673,Vilma,673,El Tránsito
674,Ransell,674,Karlshamn
675,Gerta,675,Nambalan
676,Goran,676,Al Masallamiyya
677,Erastus,677,Porto Real
678,Friedrich,678,Kolor
679,Jenilee,679,Kelin
680,Stephie,680,Halimpu
681,Royce,681,Shejiang
682,Welch,682,Hengli
683,Athene,683,Sunja
684,Eleonora,684,Tsuruga
685,Cristionna,685,Horodne
686,Orson,686,Kafr Şaqr
687,Camel,687,Bunisari
688,Charlotte,688,Krajanjugosari
689,Etta,689,Minokamo
690,Janeen,690,Silongin
691,Kendell,691,Hanban
692,Cathlene,692,Guapimirim
693,Gretal,693,Tarakan
694,Malvina,694,Novi Sad
695,Noami,695,Zhouzhuang
696,Claudette,696,Avaré
697,Farrell,697,Nanshe
698,Cecil,698,城郊
699,Tove,699,Sabang
700,Lyon,700,Shuiyang
701,Opal,701,Naushahro Fīroz
702,Anatole,702,Şurmān
703,Marcelle,703,Luoqi
704,Jenelle,704,Whitehorse
705,Ofelia,705,Shāhdādkot
706,Yank,706,Aginskoye
707,Gael,707,Xinghua
708,Malena,708,Kävlinge
709,Rozalin,709,Mapalacsiao
710,Juli,710,Tegalgede Kulon
711,Sibyl,711,Preston
712,Salomone,712,Visim
713,Cale,713,Pirapora
714,Mina,714,Bondoukou
715,Courtnay,715,Lampa
716,Carlee,716,Esperanza
717,Lisle,717,Bentar
718,Rianon,718,Now Zād
719,Clovis,719,Facatativá
720,Bobina,720,Ķegums
721,Brenden,721,Lebedyn
722,Annabelle,722,Asahikawa
723,Sibyl,723,Yashkul’
724,Audrye,724,Kasoa
725,Ichabod,725,Candijay
726,Maje,726,Si Satchanalai
727,Madge,727,Swindon
728,Colin,728,Indianapolis
729,Sophie,729,Göteborg
730,Lawrence,730,Beverwijk
731,Pat,731,Budapest
732,Kennett,732,Yuanmen
733,Willis,733,Tagkawayan Sabang
734,Chicky,734,Fastiv
735,Jaymie,735,Sukaraja
736,Juana,736,Beixiaoying
737,Korie,737,Hekou
738,Coriss,738,Motupe
739,Alysia,739,Dayong
740,Felicle,740,Ichuña
741,Olympie,741,Hegeng
742,Norine,742,Vera
743,Vassily,743,Cabalawan
744,Kimbell,744,Wendo
745,Kate,745,Ríohacha
746,Joanie,746,Lhabupu
747,Alfreda,747,Lingyuan
748,Cross,748,Sebewe
749,Querida,749,Jidong
750,Yvette,750,Kalianyar Selatan
751,Luther,751,Almirante Tamandaré
752,Marven,752,Eshan
753,Lindsey,753,Staré Křečany
754,Nancie,754,Würzburg
755,Gertrud,755,Rato
756,Nadean,756,Guruafin
757,Ethe,757,Gaoshi
758,Nicolais,758,Šibenik
759,Prince,759,Surat Thani
760,Egon,760,Felege Neway
761,Shani,761,Penticton
762,Augusta,762,Béziers
763,Nadean,763,Princeville
764,Hildagarde,764,Wiphawadi
765,Midge,765,Al Khawkhah
766,Murry,766,Cikuya
767,Andre,767,Guankou
768,Batsheva,768,Vila Nova de Santo André
769,Evelyn,769,Wuppertal
770,Dante,770,Tambong
771,Margaretta,771,La Cañada
772,Riobard,772,Bunog
773,Torry,773,Kuala Tuha
774,Brandice,774,Bamiantong
775,Jorgan,775,Yunji
776,Carissa,776,Aanislag
777,Oran,777,Porto-Novo
778,Rosie,778,Colonia Aurora
779,Joachim,779,Namangan Shahri
780,Maren,780,Viļāni
781,Levy,781,Fahraj
782,Nanete,782,Garunggang
783,Boycie,783,Orneta
784,Stefano,784,Bakıxanov
785,Donna,785,Silao
786,Philbert,786,Chóra
787,Viole,787,San Pascual
788,Hanson,788,Pontevedra
789,Corbin,789,Tais
790,Ramona,790,Obanazawa
791,Linnet,791,Kolobovo
792,Marti,792,Wahang Dua
793,Leeland,793,Hongtang
794,Lucio,794,Samuhú
795,Corrinne,795,Yazman
796,Durante,796,Sydney South
797,Raeann,797,Bergerac
798,Christal,798,Shashemenē
799,Lilah,799,Zhaolingpu
800,Ardelis,800,Mozzozzin Sur
801,Randal,801,Sop Pong
802,Nancy,802,Shensuo
803,Worden,803,Dolores
804,Minda,804,Borogontsy
805,Vaclav,805,Wuhu
806,Magda,806,San Antonio
807,Pooh,807,Ozalj
808,Mick,808,Macapsing
809,Bert,809,Isiro
810,Lewes,810,Dolno Palčište
811,Lonnie,811,Paranavaí
812,Erek,812,Waihi
813,Rosina,813,Itu
814,Bradly,814,San Antonio
815,Alexis,815,Kataba
816,Lucita,816,Mubende
817,Justis,817,Natakoli
818,Billie,818,Créteil
819,Mathilda,819,Uppsala
820,Harlie,820,Sørvágur
821,Mareah,821,Shuangpengxi
822,Sabina,822,Duzhenwan
823,Fabien,823,Ivanovka
824,Katuscha,824,Verkhniy Kurkuzhin
825,Llywellyn,825,Ziketan
826,Cally,826,Jastrzębia
827,Lowell,827,Illkirch-Graffenstaden
828,Audrey,828,Žagarė
829,Grissel,829,Gashua
830,Dorise,830,Zhanlong
831,Jada,831,Jungutbatu Kaja Dua
832,Clevie,832,Thị Trấn Mỹ Lộc
833,Paule,833,Delson
834,Tiffanie,834,Tertek
835,Brenden,835,São Pedro
836,Natalina,836,Cachí
837,Pincus,837,Siayan
838,Kylynn,838,Okanagan
839,Currey,839,Emiliano Zapata
840,Katalin,840,Xiushan
841,Roxine,841,Bacheng
842,Vikky,842,Koramlik
843,Becca,843,Shanghu
844,Modestia,844,Kamyanyets
845,Ermin,845,Las Matas de Farfán
846,Modesty,846,Erdao
847,Brit,847,Tiandeng
848,Raddie,848,Enköping
849,Aguste,849,Mancagahar
850,Hashim,850,Baş Göynük
851,Erwin,851,Damiao
852,Filberto,852,Santa Elena
853,Lou,853,Susiec
854,Pedro,854,Símantra
855,Lester,855,Líbano
856,Lucas,856,Xin’an
857,Clea,857,Yaurisque
858,Deena,858,Sokolovyy
859,Coralie,859,Bom Jesus da Lapa
860,Edin,860,Sungaimaja
861,Kellsie,861,Fandriana
862,Helsa,862,Xiejiatan
863,Jdavie,863,Klippan
864,Quintana,864,Ostrogozhsk
865,Stacy,865,Mymensingh
866,Sib,866,Sambopinggir
867,Rik,867,Tucson
868,Tracey,868,Damnoen Saduak
869,Melva,869,Ningyuan
870,Gladi,870,Baturité
871,Felecia,871,København
872,Sandi,872,Shezhu
873,Eb,873,Tuodian
874,Gilbertine,874,Ul
875,Saba,875,Itatuba
876,Wilie,876,Kuntong
877,Wilek,877,Dougang
878,Bette,878,Patrocínio
879,Feliks,879,Pingyang
880,Avigdor,880,Checacupe
881,Car,881,Luoqiao
882,Trueman,882,Vladikavkaz
883,Wilmer,883,Najin
884,Sheff,884,San Vicente
885,Yankee,885,Al Ḩarf
886,Deck,886,Alunda
887,Robinson,887,Berlin
888,Constancy,888,Fatukanutu
889,Pru,889,Krajan Menggare
890,Raddy,890,Tangkolo
891,Caroljean,891,Pehčevo
892,Brantley,892,Wuxihe
893,Walsh,893,Kuje
894,Annnora,894,Berck
895,Anny,895,Sansanné-Mango
896,Denis,896,Kebonjaya
897,Ashly,897,Tangxing
898,Donna,898,Paris 05
899,Anatole,899,Tarakan
900,Becky,900,Thị Trấn Quảng Uyên
901,Lorry,901,Abricots
902,Marcile,902,Timezgadiouine
903,Rich,903,Brooklyn
904,Kim,904,Bianba
905,Hanny,905,El Rosario
906,Courtney,906,Kasba Tadla
907,Cheslie,907,Kirkton
908,Major,908,Österbybruk
909,Adam,909,Kham Sakae Saeng
910,Cosmo,910,Desa Wetan Ciakar
911,Filberte,911,Tokushima-shi
912,Melva,912,Podporozh’ye
913,Lisa,913,Uruzgān
914,Thorny,914,Medvedevo
915,Eadie,915,Tasīl
916,Melina,916,Paltashaco
917,Tomasine,917,Datang
918,Micah,918,Fika
919,Angele,919,Järfälla
920,Boniface,920,Kopang Satu
921,Eddy,921,Srpska Crnja
922,Linnie,922,Mosfilotí
923,Clevie,923,Banatsko Karađorđevo
924,Cullen,924,Whittier
925,Suzanna,925,Yunhe
926,Christen,926,Sanankerto
927,Walden,927,Daultāla
928,Myrle,928,Burujul
929,Ronalda,929,Balas
930,Corabelle,930,Shangdu
931,Lola,931,Ladhewāla Warāich
932,Damian,932,Zhaojia
933,Ivan,933,Malayal
934,Isabeau,934,Gravataí
935,Amye,935,Catabola
936,Torr,936,Machala
937,Dionisio,937,Lefkímmi
938,Georgina,938,Tuquan
939,Clem,939,Meukek
940,Les,940,Monkayo
941,Carrol,941,Salt Lake City
942,Marketa,942,Pyra
943,Odo,943,Zadvorsko
944,Jessie,944,Kīsh
945,Bear,945,Mathba
946,Catlee,946,Karlstad
947,Kate,947,Chaka
948,Fiorenze,948,Grästorp
949,Asia,949,Motomiya
950,Mick,950,Nam Sách
951,Alphonso,951,Nogueira
952,Ennis,952,Lomé
953,Guthrey,953,Nizhniy Lomov
954,Melodie,954,Balta
955,Tiffany,955,Xianyuan
956,Randall,956,Karabudakhkent
957,Madison,957,Gracias
958,Isis,958,Sydney
959,Thornie,959,Toulon
960,Burton,960,Novi Šeher
961,Aldric,961,Usogorsk
962,Nerte,962,Paujiles
963,Chancey,963,Stockholm
964,Lola,964,Sadabumi
965,Ernaline,965,Samagaltay
966,Lorna,966,Hudson Bay
967,Lemmie,967,Oslo
968,Frasier,968,Guazacapán
969,Madison,969,Casablanca
970,Anallise,970,Sifangxi
971,Zarah,971,Bungtiang Barat
972,Erena,972,Lazaro Cardenas
973,Ines,973,Guadalupe Victoria
974,Roseline,974,Wangunjaya
975,Caron,975,Leone
976,Jean,976,Grängesberg
977,Colver,977,Eṭ Ṭaiyiba
978,Merilee,978,Kebonkalapa
979,Jeni,979,Piekielnik
980,Loralie,980,Šenčur
981,Chiarra,981,Skatepark
982,Hakeem,982,Shamva
983,Katina,983,Opočno
984,Garner,984,Stockholm
985,Byrann,985,Delvinë
986,Elden,986,Houjie
987,Adella,987,Songnan
988,Max,988,Simapu
989,Caresa,989,Xinhua
990,Tamiko,990,Benger
991,Andromache,991,Szprotawa
992,Linus,992,Oslo
993,Ketty,993,Albacete
994,Ricky,994,Thung Song
995,Jada,995,Ergong
996,Shayne,996,Changgou
997,Nero,997,Malinaw
998,Cull,998,Chambellan
999,Chiarra,999,Rajhradice
1000,Willie,1000,Yelan’-Kolenovskiy
